<PAMDataset>
  <Metadata>
    <MDI key="DataType">Generic</MDI>
  </Metadata>
  <Metadata domain="Esri">
    <MDI key="PyramidResamplingType">NEAREST</MDI>
  </Metadata>
  <PAMRasterBand band="1">
    <Histograms>
      <HistItem>
        <HistMin>-0,5</HistMin>
        <HistMax>3,5</HistMax>
        <BucketCount>4</BucketCount>
        <IncludeOutOfRange>1</IncludeOutOfRange>
        <Approximate>0</Approximate>
        <HistCounts>0|540153|1215280|42793</HistCounts>
      </HistItem>
    </Histograms>
    <GDALRasterAttributeTable>
      <FieldDefn index="0">
        <Name>OID</Name>
        <Type>0</Type>
        <Usage>0</Usage>
      </FieldDefn>
      <FieldDefn index="1">
        <Name>VALUE</Name>
        <Type>0</Type>
        <Usage>0</Usage>
      </FieldDefn>
      <FieldDefn index="2">
        <Name>COUNT</Name>
        <Type>0</Type>
        <Usage>0</Usage>
      </FieldDefn>
      <FieldDefn index="3">
        <Name>INDICEGOD</Name>
        <Type>1</Type>
        <Usage>0</Usage>
      </FieldDefn>
      <FieldDefn index="4">
        <Name>CLASSIF</Name>
        <Type>2</Type>
        <Usage>0</Usage>
      </FieldDefn>
      <Row index="0">
        <F>0</F>
        <F>1</F>
        <F>540153</F>
        <F>0</F>
        <F>Alto</F>
      </Row>
      <Row index="1">
        <F>1</F>
        <F>2</F>
        <F>1215280</F>
        <F>0</F>
        <F>M�dio</F>
      </Row>
      <Row index="2">
        <F>2</F>
        <F>3</F>
        <F>42793</F>
        <F>0</F>
        <F>Baixo</F>
      </Row>
    </GDALRasterAttributeTable>
    <Metadata>
      <MDI key="SourceBandIndex">0</MDI>
      <MDI key="STATISTICS_COVARIANCES">0.2476799794857555</MDI>
      <MDI key="STATISTICS_EXCLUDEDVALUES"></MDI>
      <MDI key="STATISTICS_MAXIMUM">3</MDI>
      <MDI key="STATISTICS_MEAN">1,7234163002871</MDI>
      <MDI key="STATISTICS_MINIMUM">1</MDI>
      <MDI key="STATISTICS_SKIPFACTORX">1</MDI>
      <MDI key="STATISTICS_SKIPFACTORY">1</MDI>
      <MDI key="STATISTICS_STDDEV">0,49767457186977</MDI>
    </Metadata>
  </PAMRasterBand>
</PAMDataset>
